timestamp,request_rate,error_rate,latency,cpu,memory
2026-04-21 14:12:28.532000064,0.44764000000000004,0.0,1.9440376478622103,0.09215786117964662,2081284096.0
2026-04-21 14:12:33.532000064,0.6974433333333332,0.12440999999999999,1.8528231843616092,0.16679026987200402,2084491264.0
2026-04-21 14:12:38.532000064,0.9624916666666665,0.08720499999999999,1.825155649824827,0.17137499999999975,2084491264.0
2026-04-21 14:12:43.532000064,0.9764718336567321,0.10468530231523676,1.8780543823433937,0.2574719861844301,2084950016.0
2026-04-21 14:12:48.532000064,1.247256523719324,0.18011332917569878,1.8152543207918561,0.3043462720709123,2096537600.0
2026-04-21 14:12:53.532000064,1.4223249120187311,0.2717660417002354,2.3035017249660905,0.3847194904090791,2109054976.0
2026-04-21 14:12:58.532000064,1.684074088927023,0.3034382790569702,2.0423260070572753,0.48503806437024005,2124304384.0
2026-04-21 14:13:03.532000064,1.8748596544394611,0.31718523774211815,1.9678599944753292,0.5586634269461861,2138423296.0
2026-04-21 14:13:08.532000064,2.1741089922770223,0.33141116110174734,1.9315423546421935,0.6379852700182713,2157297664.0
2026-04-21 14:13:13.532000064,2.215555800346514,0.3390491523719931,1.9346147427931437,0.6646357853238963,2182987776.0
2026-04-21 14:13:18.532000064,2.4204351795313572,0.3650349690284943,1.923607845120721,0.7151432615980088,2221146112.0
2026-04-21 14:13:23.532000064,2.525033243535589,0.3403614997402505,1.9100000000000004,0.7278361965498112,2229665792.0
2026-04-21 14:13:28.532000064,2.47949285802719,0.30453397345180305,1.9363636363636356,0.729806710495674,2256277504.0
2026-04-21 14:13:33.532000064,2.4670032526468573,0.3582502579895109,1.9500279169650305,0.7177759856630809,2302324736.0
2026-04-21 14:13:38.532000064,2.7301930427170684,0.45348093680278495,1.824146439101749,0.7751333749047322,2297704448.0
2026-04-21 14:13:43.532000064,2.8018477301631552,0.4350320488507927,1.8713324166666663,0.7744676009330028,2297704448.0
2026-04-21 14:13:48.532000064,2.7503644993696215,0.3426201424578487,1.6958333333333337,0.7296137339055802,2305302528.0
2026-04-21 14:13:53.532000064,2.873848260221793,0.43279114220795617,1.6500000000000017,0.7254530700568032,2316853248.0
2026-04-21 14:13:58.532000064,2.882204379960563,0.45080784766301213,1.6300000000000008,0.7328464520782614,2327515136.0
2026-04-21 14:14:03.532000064,2.840990338024991,0.48679347336157935,1.6400000000000006,0.7331938834391224,2337431552.0
2026-04-21 14:14:08.532000064,2.967419893364405,0.5561805634586446,1.5399999999999987,0.7673924588422736,2348208128.0
2026-04-21 14:14:13.532000064,3.106436006339184,0.5543717409005076,1.5409090909090912,0.7731117939380143,2349928448.0
2026-04-21 14:14:18.532000064,2.8878057284668484,0.5689221023082904,1.4374999999999982,0.7430848570089061,2351472640.0
2026-04-21 14:14:23.532000064,3.1614781692892753,0.6491281847851567,1.65,0.7331410025243413,2352115712.0
2026-04-21 14:14:28.532000064,3.210302546525911,0.613065507852648,1.6642857142857141,0.7344164157305401,2353725440.0
2026-04-21 14:14:33.532000064,3.287691230794226,0.5589714924538849,1.7499999999999993,0.7351376692691896,2359562240.0
2026-04-21 14:14:38.532000064,3.312110695374871,0.5229088155213761,1.6785714285714275,0.7188864396280916,2366083072.0
2026-04-21 14:14:43.532000064,3.620974296547576,0.5309466019417475,1.5874999999999997,0.783566578910905,2369105920.0
2026-04-21 14:14:48.532000064,3.6144317509314186,0.47405047689477975,1.5812499999999992,0.7784056432038847,2369105920.0
2026-04-21 14:14:53.532000064,3.554505446005278,0.4327131112072696,1.6812499999999981,0.7402866672676452,2369302528.0
2026-04-21 14:14:58.532000064,3.7376650596416088,0.450824106466621,1.5928571428571454,0.7361531804413661,2372673536.0
2026-04-21 14:15:03.532000064,3.788728812867687,0.4327053096547372,1.499999849752391,0.7419226885907972,2375454720.0
2026-04-21 14:15:08.532000064,3.9322875654831337,1.784917854007701,0.93967265894518,0.7395654917515546,2376228864.0
2026-04-21 14:15:13.532000064,3.8451014594910555,1.9243673822889797,0.9351133215086531,0.7760288260952034,2377236480.0
2026-04-21 14:15:18.532000064,4.119142185230642,2.032583988468676,0.9367293318296928,0.7842281942837639,2378010624.0
2026-04-21 14:15:23.532000064,3.9640451506970447,1.9992259517439468,0.9388962005083534,0.7226237577433717,2378010624.0
2026-04-21 14:15:28.532000064,4.025187782248792,2.087880936557564,0.9393125617241718,0.7376870478644318,2372866048.0
2026-04-21 14:15:33.532000064,3.9794510565792,2.1574794883933226,0.9378364333024445,0.7412545832920419,2374635520.0
2026-04-21 14:15:38.532000064,3.9073673575412835,2.225810552510098,0.9369341955121273,0.7166207675390794,2394832896.0
2026-04-21 14:15:43.532000064,3.82043349387414,2.1888964779094424,0.9373116509001369,0.6931611509208633,2393120768.0
2026-04-21 14:15:48.532000064,3.894562929840822,2.3080556747234313,0.935621574710243,0.764124642024012,2397622272.0
2026-04-21 14:15:53.532000064,3.8547679075164067,2.4969636049841633,0.9364271776846905,0.765452235097768,2400387072.0
2026-04-21 14:15:58.532000064,3.6249120781750745,2.392741459910498,0.9402426937978858,0.7290858925576607,2400550912.0
2026-04-21 14:16:03.532000064,3.553952080087388,1.1721849527519297,0.9853524358048474,0.7281973598788141,2400481280.0
2026-04-21 14:16:08.532000064,3.5013908671261627,1.0098824208324317,0.9860148252484664,0.7316369407224386,2400960512.0
2026-04-21 14:16:13.532000064,6.714012832781201,2.3984544895005966,0.9824281335159604,0.7337216221577068,2401513472.0
2026-04-21 14:16:18.532000064,6.599011060125907,2.380477003319109,0.9721825971768256,0.772878141299194,2404499456.0
2026-04-21 14:16:23.532000064,6.923583397635999,2.3575347583898094,0.9735344968936935,0.7797179780341633,2408144896.0
2026-04-21 14:16:28.532000064,7.2208298713427315,2.4519122036160796,0.9753041353597741,0.7165510080415743,2408144896.0
2026-04-21 14:16:33.532000064,7.003293639027593,2.4340743625380563,0.9827281701770658,0.7568493150684934,2409607168.0
2026-04-21 14:16:38.532000064,7.305899187377442,2.5637506974166078,0.9810229243728357,0.7564509153812891,2409607168.0
2026-04-21 14:16:43.532000064,7.626821439363418,2.565525909173874,0.9808720723540361,0.7589736197203403,2409299968.0
2026-04-21 14:16:48.532000064,7.720090295279061,2.5180201264175186,0.9763397113877454,0.7636448817053174,2410434560.0
2026-04-21 14:16:53.532000064,8.227862269995693,2.634013138172196,0.9706956356906267,0.8038505997612339,2411118592.0
2026-04-21 14:16:58.532000064,8.3089548207397,2.53923396489137,0.9743094164014816,0.8035866295896945,2411806720.0
2026-04-21 14:17:03.532000064,8.019247923712147,2.542154423255083,0.9808537950023996,0.7431981681481352,2414284800.0
2026-04-21 14:17:08.532000064,4.975200812970071,1.2079871934035955,0.9853021692084187,0.7203649608712908,2411954176.0
2026-04-21 14:17:13.532000064,5.065651390188803,1.280132701079999,0.9844630601124313,0.7220900043271323,2412892160.0
2026-04-21 14:17:18.532000064,5.0839494537053085,1.3522284725227176,0.9810694085800944,0.7231848259199808,2415386624.0
2026-04-21 14:17:23.532000064,4.941309192123776,1.3410174501356917,0.9610967630323255,0.7212044965712691,2416406528.0
2026-04-21 14:17:28.532000064,5.326723715736705,1.49064877888132,0.9595143581509094,0.7633640712750461,2417180672.0
2026-04-21 14:17:33.532000064,5.243350874437867,1.4158515809105356,0.9627222986731432,0.7073024837264902,2417180672.0
2026-04-21 14:17:38.532000064,5.0092362361160285,1.3895053793156018,0.9696443360852873,0.7156777825898653,2419245056.0
2026-04-21 14:17:43.532000064,5.004955625725941,1.4255908288159604,0.9734876346996391,0.7169538933501763,2421002240.0
2026-04-21 14:17:48.532000064,4.9667716076762,1.4075611296580348,0.9763241871364485,0.7149688712442481,2423570432.0
2026-04-21 14:17:53.532000064,5.034034618292803,1.4796682085448807,0.9693704838963353,0.7165063986696549,2268155904.0
2026-04-21 14:17:58.532000064,5.316588128585401,1.4794705246524904,0.9635166752109989,0.7776197249881461,2268282880.0
2026-04-21 14:18:03.532000064,5.251439172585624,1.4035789213143635,0.9588719796113836,0.8041878461421739,2268184576.0
2026-04-21 14:18:08.532000064,4.774217202775061,1.2616760739017758,0.9655264870731792,0.7682733241936632,2268090368.0
2026-04-21 14:18:13.532000064,4.85465628277645,1.1665201060116783,0.9827735366940439,0.7608636830997361,2267738112.0
2026-04-21 14:18:18.532000064,4.759633486899222,1.1431091413239065,0.9832553808566599,0.7605029132168042,2267664384.0
2026-04-21 14:18:23.532000064,4.777010828218788,0.9700333717935544,0.9828523197527956,0.7639302271046439,2267570176.0
2026-04-21 14:18:28.532000064,4.417697929904758,1.0502298434258828,0.9742156642214657,0.7443466100087262,2267983872.0
2026-04-21 14:18:33.532000064,4.783154217884446,1.1334278104782882,0.972765054930938,0.7965138441279417,2260426752.0
2026-04-21 14:18:38.532000064,4.820092590091439,1.0315794665553744,0.9721739271464077,0.7440354962628533,2260426752.0
2026-04-21 14:18:43.532000064,4.562789572297085,1.0639065204847087,0.9695987654320987,0.7517807231088259,2260828160.0
2026-04-21 14:18:48.532000064,4.581678258328823,1.027902377532207,0.9670644389529888,0.7474394114252749,2262142976.0
2026-04-21 14:18:53.532000064,4.437387162283734,1.0278418926716677,0.9670731707317071,0.7467315841673423,2262147072.0
2026-04-21 14:18:58.532000064,4.364604501467325,1.154068090017311,0.9660937443648002,0.7472725633396458,2262142976.0
2026-04-21 14:19:03.532000064,4.641650377860285,1.2324377618930242,0.9497199502503821,0.7849382856492823,2265636864.0
2026-04-21 14:19:08.532000064,4.731260177432661,1.3151418072816452,0.9447645958942127,0.793500312849584,2268041216.0
2026-04-21 14:19:13.532000064,4.426689782736597,1.2462646437297153,0.9479688461681319,0.7504372441896129,2268221440.0
2026-04-21 14:19:18.532000064,4.597908402452218,1.44248106743599,0.9610937499999996,0.7565813198701733,2269392896.0
2026-04-21 14:19:23.532000064,4.652000467146328,1.5506671474936893,0.9619631984803778,0.7636134150739255,2269556736.0
2026-04-21 14:19:28.532000064,4.7240403166188845,1.5145904907866856,0.9623488948308779,0.7672196177425163,2271252480.0
2026-04-21 14:19:33.532000064,4.744784004238921,1.6168075448206365,0.9695234782881104,0.7531226787306269,2272219136.0
2026-04-21 14:19:38.532000064,4.8835922340705515,1.5969408835971408,0.9762057464665306,0.8142899218628182,2273980416.0
2026-04-21 14:19:43.532000064,4.884912548978578,1.6215160842921716,0.9818082815514552,0.8169885048749941,2273980416.0
2026-04-21 14:19:48.532000064,4.782108766365715,1.677050067322904,0.9855024620155394,0.7761387816929342,2275749888.0
2026-04-21 14:19:53.532000064,4.961236830796711,1.6049048778288701,0.9879411764705883,0.7748625011270405,2278436864.0
2026-04-21 14:19:58.532000064,4.9423962003041595,1.622937516905599,0.9847953216374268,0.7746961445522422,2278539264.0
2026-04-21 14:20:03.532000064,4.887750436319909,1.622937516905599,0.9913742690058478,0.771436299702461,2189451264.0
2026-04-21 14:20:08.532000064,4.789412160028021,1.5645950976860017,0.9795724798192673,0.8159511529126209,2189074432.0
2026-04-21 14:20:13.532000064,5.093565338880335,1.5486284953087692,0.984560347063006,0.8127275485436917,2188754944.0
2026-04-21 14:20:18.532000064,4.73180847762673,1.2878394338676817,0.9862964098067364,0.7787033030434166,2188734464.0
2026-04-21 14:20:23.532000064,4.741814510312997,1.2801096206548392,0.9905714285714287,0.7750973604500219,2188623872.0
2026-04-21 14:20:28.532000064,4.6925275971243074,1.153889602492565,0.9940114331366632,0.7716578022176179,2181652480.0
2026-04-21 14:20:33.532000064,4.856394515180941,1.2801096206548392,0.9960606115240569,0.7696745695483648,2181849088.0
2026-04-21 14:20:38.532000064,4.961864771388315,1.3080987010928247,0.9876674200147431,0.7501910382964458,2183811072.0
2026-04-21 14:20:43.532000064,5.130813713104725,1.3681771765937931,0.9837565603858371,0.8134559753330223,2186592256.0
2026-04-21 14:20:48.532000064,5.031859142483719,1.2896373843119406,0.9819967369477911,0.8080942176032146,2186592256.0
2026-04-21 14:20:53.532000064,4.833426159286114,1.3161089113912214,1.0087221928921928,0.769300111780187,2187079680.0
2026-04-21 14:20:58.532000064,4.940726447535603,1.2079455860610802,0.9941841301677541,0.7712833086936177,2187075584.0
2026-04-21 14:21:03.532000064,4.904457152826696,1.207968989452808,0.9911834881217074,0.7653475164518172,2187685888.0
2026-04-21 14:21:08.532000064,4.867919160897953,1.171889085205351,0.9973490918803415,0.7662213568428075,2188857344.0
2026-04-21 14:21:13.532000064,4.802603640949317,1.2258868348923584,0.993660121927769,0.8058552494359014,2189512704.0
2026-04-21 14:21:18.532000064,5.1968239574124055,1.3152353255445017,0.9932046924025875,0.8015093480981451,2221002752.0
2026-04-21 14:21:23.532000064,4.914746767037052,1.3119977099645963,0.9880398563985802,0.7356375548045251,2221002752.0
2026-04-21 14:21:28.532000064,4.977008385177171,1.2262194572175638,0.985397205882353,0.7501882903238575,2224553984.0
2026-04-21 14:21:33.532000064,4.83359653063987,1.1180320774875256,0.9861267303202135,0.7468040828461017,2226466816.0
2026-04-21 14:21:38.532000064,4.851482776519885,1.0098459984852313,0.9921348390586961,0.7486026875966223,2229714944.0
2026-04-21 14:21:43.532000064,4.814609430103925,1.0015637481190247,0.9923654250766938,0.7213431339676191,2238992384.0
2026-04-21 14:21:48.532000064,5.007872223381452,1.0797444820293318,0.9907686581621522,0.7624900421076599,2348793856.0
2026-04-21 14:21:53.532000064,5.026841436348805,1.081245139139177,0.9908571428571429,0.7543912895026363,2351824896.0
2026-04-21 14:21:58.532000064,4.890597665970768,1.045893066450275,1.1846820777458555,0.7191416463799456,2354393088.0
2026-04-21 14:22:03.532000064,5.000492309145542,1.1541097125545496,0.9951474197177334,0.7187939553503788,2354442240.0
2026-04-21 14:22:08.532000064,5.12851012878799,1.1901662107957367,0.9934384329249314,0.7198759332059018,2357456896.0
2026-04-21 14:22:13.532000064,5.254740878598644,1.2081903954705024,0.9915299104405032,0.723830132539899,2358775808.0
2026-04-21 14:22:18.532000064,5.282420091089778,1.1472097016362865,0.9815926842821547,0.7679472107398839,2362310656.0
2026-04-21 14:22:23.532000064,5.895338471757291,1.2740411187105747,0.9807337252116459,0.7740136478575644,2364841984.0
2026-04-21 14:22:28.532000064,6.010958608820409,1.2389628383403024,0.9861818217853567,0.7127526181807844,2364841984.0
2026-04-21 14:22:33.532000064,5.787330474841374,1.3102633750920953,0.9882026129834565,0.7296361735117014,2366603264.0
2026-04-21 14:22:38.532000064,5.8249893395355405,1.3085016280887396,0.9837548787827891,0.7300099161633463,2366967808.0
2026-04-21 14:22:43.532000064,5.770439209808525,1.2292301342402001,0.9774004582760956,0.7605344295991788,2367856640.0
2026-04-21 14:22:48.532000064,5.6981334034425855,1.2536174886746378,0.9735950563085771,0.769147555170919,2371600384.0
2026-04-21 14:22:53.532000064,5.954670898945201,1.2896373843119406,0.9659653535760755,0.8120922470034885,2367176704.0
2026-04-21 14:22:58.532000064,5.817405567324387,1.1189500834471249,0.9698084377171792,0.8105750265513582,2369249280.0
2026-04-21 14:23:03.532000064,5.3551028157085625,1.1180776046709038,0.9775470692307084,0.7666227840796378,2369404928.0
2026-04-21 14:23:08.532000064,5.175646756355427,1.1000573236806135,0.977037642955837,0.7676909759792242,2371747840.0
2026-04-21 14:23:13.532000064,4.923176801558105,1.1361177234364856,0.9783149171270717,0.7648055976339913,2371948544.0
2026-04-21 14:23:18.532000064,4.706737327902006,1.1361177234364856,0.9764044867834523,0.7662482868066077,2375258112.0
2026-04-21 14:23:23.532000064,4.534297744977035,1.2151422502086335,0.9607203641847077,0.754882948941658,2374324224.0
2026-04-21 14:23:28.532000064,4.9593303191893945,1.2299909916152727,0.9601066282348831,0.8041715750814232,2376540160.0
2026-04-21 14:23:33.532000064,4.897364649179374,1.1741817767999394,0.9604630233398628,0.7512012745618685,2376540160.0
2026-04-21 14:23:38.532000064,4.732350488543677,1.1541630459106165,0.9729045332613997,0.7608519233196888,2376769536.0
2026-04-21 14:23:43.532000064,4.71151383875733,1.1180932148581926,0.9656438483866701,0.7619064793609002,2376896512.0
2026-04-21 14:23:48.532000064,4.746148357592876,1.2082739716145787,0.9667721404846423,0.7619339597121784,2378350592.0
2026-04-21 14:23:53.532000064,4.817211645394107,1.2803970476461806,0.9636939183844079,0.7662621052821412,2379075584.0
2026-04-21 14:23:58.532000064,5.215220168558222,1.2138090936583934,0.9593935358863207,0.8084735155227651,2379464704.0
2026-04-21 14:24:03.532000064,5.226098402490839,1.25171730395321,0.9597949650958701,0.8111593680656964,2380382208.0
2026-04-21 14:24:08.532000064,4.865849454903157,1.1816275031612231,0.9672021686265875,0.7742796350391296,2382794752.0
2026-04-21 14:24:13.532000064,4.909218867430573,1.2562108002538357,0.9738493853845208,0.776998395153,2382929920.0
2026-04-21 14:24:18.532000064,4.907928735855069,1.1426474393320207,0.9758008523004993,0.7874427494680671,2384220160.0
2026-04-21 14:24:23.532000064,4.9060888437443815,1.121045729395273,0.9765537245345576,0.7827686315523713,2385653760.0
2026-04-21 14:24:28.532000064,4.7322238719324385,1.0683230634698402,0.9647677222851431,0.776780896390415,2388504576.0
2026-04-21 14:24:33.532000064,5.139294035524035,1.1075499652592247,0.9640645217925654,0.8302442404295832,2382761984.0
2026-04-21 14:24:38.532000064,5.159282428575476,1.1022255725601005,0.9694758714208362,0.779262729712302,2382761984.0
2026-04-21 14:24:43.532000064,4.959239117876621,1.063925705527004,0.9767739610270699,0.7869443693084501,2387480576.0
2026-04-21 14:24:48.532000064,4.922976540592377,1.1540788206341879,0.976216018519517,0.7822558831485008,2389897216.0
2026-04-21 14:24:53.532000064,4.886673398984008,1.1721004039238316,0.9701093260850464,0.7833378414931035,2391293952.0
2026-04-21 14:24:58.532000064,5.013073663330628,1.1721117848811253,0.9715472641276814,0.7817008078476614,2391121920.0
2026-04-21 14:25:03.532000064,5.338353485064012,1.1759127548601234,0.9666935255984042,0.8138454243717375,2391527424.0
2026-04-21 14:25:08.532000064,5.387704318625699,1.1340965720428047,0.9643887312147659,0.8107954329932102,2385567744.0
2026-04-21 14:25:13.532000064,4.994491465149359,1.0867049551672918,0.9676753924816033,0.7696330357947896,2387591168.0
2026-04-21 14:25:18.532000064,5.103104841052077,1.154068090017311,0.9776836158192089,0.7744878822850556,2392416256.0
2026-04-21 14:25:23.532000064,5.012983266012695,1.190141822596187,0.9749995836607477,0.7694388343912304,2392973312.0
2026-04-21 14:25:28.532000064,5.031064355450474,1.1721124352215422,0.9801174311659586,0.7681627206664647,2394910720.0
2026-04-21 14:25:33.532000064,4.994950952106175,1.2037819373987002,0.9739076957568291,0.7521178459223848,2397323264.0
2026-04-21 14:25:38.532000064,5.082304044840514,1.2213037163421023,0.9663187789380481,0.8111619205986269,2397364224.0
2026-04-21 14:25:43.532000064,5.06353011772179,1.1498445022899189,0.9711216255979225,0.8088067966320235,2397364224.0
2026-04-21 14:25:48.532000064,4.832447479210591,1.208121461286018,0.9899999999999998,0.768343040553945,2398101504.0
2026-04-21 14:25:53.532000064,4.616142298365245,1.117963143279599,0.991358024691358,0.7661792019041782,2393686016.0
2026-04-21 14:25:58.532000064,4.616105881928666,1.1539250484694823,0.9877371361113407,0.7694249598788264,2396090368.0
2026-04-21 14:26:03.532000064,4.507834941698618,1.1359831020198206,0.985377011425427,0.7690504525947579,2402611200.0
2026-04-21 14:26:08.532000064,4.482865040681245,1.1597049898533958,0.9717796190151475,0.8043317465435139,2354614272.0
2026-04-21 14:26:13.532000064,4.694510367765517,1.1909611861726543,0.9683915630857859,0.8003337884994699,2301755392.0
2026-04-21 14:26:18.532000064,4.429829925256954,1.1812951943971126,0.9719276891528495,0.7588545047969403,2301071360.0
2026-04-21 14:26:23.532000064,4.508438462662602,1.2803866406982616,0.9749999999999996,0.7592288687309501,2303328256.0
2026-04-21 14:26:28.532000064,4.436349209211738,1.226297829758627,0.9795034530668316,0.7601168578229838,2305306624.0
2026-04-21 14:26:33.532000064,4.4182355911418885,1.2443298183307365,0.9842352575432246,0.7604775301161378,2305974272.0
2026-04-21 14:26:38.532000064,4.400201976484167,1.056002289689671,0.9740853595112158,0.7367339955619614,2307858432.0
2026-04-21 14:26:43.532000064,4.55933318924617,1.0680956934453611,0.966892150825899,0.8031182330012976,2307698688.0
2026-04-21 14:26:48.532000064,4.67014566988399,1.100068280100144,0.9704610545554166,0.7998103366524434,2307698688.0
2026-04-21 14:26:53.532000064,4.3285448854333985,1.0099188576316176,0.9795746661150371,0.7596876859548819,2303823872.0
2026-04-21 14:26:58.532000064,4.327960686804572,0.9737449509521062,0.9807081191593465,0.7539310444316205,2304520192.0
2026-04-21 14:27:03.532000064,4.363605574808413,0.9016156953260243,0.9840080573359355,0.7575375072129255,2305368064.0
2026-04-21 14:27:08.532000064,4.4534552624284185,0.9376712187015843,0.9929043329654945,0.7535703981534904,2310389760.0
2026-04-21 14:27:13.532000064,4.499189108897166,1.0278920206472368,0.9812366313110168,0.796116136617929,2307600384.0
2026-04-21 14:27:18.532000064,4.677239353324117,1.0440770223756957,0.9880289045949316,0.7942046575134664,2310361088.0
2026-04-21 14:27:23.532000064,4.452499810361829,0.9885102103996734,0.9952730903802962,0.7234080956637529,2310361088.0
2026-04-21 14:27:28.532000064,4.564014248267293,0.9197572775060474,1.0197805263244377,0.7270709032884708,2302537728.0
2026-04-21 14:27:33.532000064,4.599633108659092,1.009934457636585,0.9996862594471183,0.7233047235822317,2303979520.0
2026-04-21 14:27:38.532000064,4.563454923435435,1.0460094927729588,0.9956547605335268,0.70824000475728,2305847296.0
2026-04-21 14:27:43.532000064,4.58111417006927,1.1599677089341636,0.9894564481047099,0.6892171822838221,2313457664.0
2026-04-21 14:27:48.532000064,4.874995257786715,1.2752361845039053,0.978377067487157,0.7623726691579576,2319323136.0
2026-04-21 14:27:53.532000064,4.913024719247822,1.346802966131467,0.9779591479849266,0.7676694867028345,2320531456.0
2026-04-21 14:27:58.532000064,4.6207214076570615,1.3526290781941193,0.9833006569439566,0.718498079316131,2320666624.0
2026-04-21 14:28:03.532000064,34.88313777299586,9.107168908448969,1.4804902542292633,0.7204948780839713,2321924096.0
2026-04-21 14:28:08.532000064,34.630612897015816,8.963343293938278,1.4808211040957198,0.7208425760608853,2326048768.0
2026-04-21 14:28:13.532000064,34.630612897015816,8.945308053089368,1.4826392531237365,0.6880444388334781,2331017216.0
2026-04-21 14:28:18.532000064,33.742002065651974,8.868137366458056,1.4252685945977568,0.7240659965863804,2328989696.0
2026-04-21 14:28:23.532000064,33.485099634837596,8.791069447750928,1.4222286209198118,0.7313355274553962,2335883264.0
2026-04-21 14:28:28.532000064,36.1653718357073,9.434469087304727,1.4482173142391075,0.6731747866489669,2335883264.0
2026-04-21 14:28:33.532000064,34.38948363600218,8.969221020900958,1.4663928106614028,0.6976953871677437,2331246592.0
2026-04-21 14:28:38.532000064,34.24521666997277,8.891725272081311,1.4707430568402398,0.6980686346996562,2326994944.0
2026-04-21 14:28:43.532000064,34.15566518610928,8.972945025644508,1.4720423549762611,0.6980434586601756,2324172800.0
2026-04-21 14:28:48.532000064,34.10095035435413,8.953594507617044,1.4813981276382313,0.6998845848661897,2331000832.0
2026-04-21 14:28:53.532000064,35.77250895445739,9.369888836765284,1.4627296005021055,0.7455949016558228,2338226176.0
2026-04-21 14:28:58.532000064,3.7712410257255833,1.2708354452210435,0.9693179016472078,0.749957324127989,2341740544.0
2026-04-21 14:29:03.532000064,3.6234856693166275,1.2441977943587927,0.9836412890394541,0.7109884957986234,2343251968.0
2026-04-21 14:29:08.532000064,3.67852505430645,1.2441935674509754,0.9755286337598746,0.7410880109630563,2344120320.0
2026-04-21 14:29:13.532000064,3.8768756299830356,1.2261622289964467,0.9785216261137877,0.7553600086553565,2343813120.0
2026-04-21 14:29:18.532000064,3.894909569576429,1.2622258813457696,0.9779934371805146,0.7598680058423621,2350628864.0
2026-04-21 14:29:23.532000064,3.818129542051171,1.2660736860402642,0.9730077860905748,0.7614840871021751,2347057152.0
2026-04-21 14:29:28.532000064,4.1114613172949435,1.2816959955660248,0.9720163424325745,0.8071500329095491,2343522304.0
2026-04-21 14:29:33.532000064,4.076988717170759,1.177343048983497,0.9796689003119383,0.7517889115388247,2343522304.0
2026-04-21 14:29:38.532000064,3.8407443470734606,1.0638681524757472,0.9855555555555553,0.7647642232440731,2337783808.0
2026-04-21 14:29:43.532000064,3.822713658912442,1.0278048252731797,0.9820370270192655,0.7645563229168562,2336600064.0
2026-04-21 14:29:48.532000064,3.7686193184021013,1.0278048252731797,0.9748134160149358,0.7681627206664607,2337611776.0
2026-04-21 14:29:53.532000064,3.840813603332312,0.9556853240966579,0.9664777856932583,0.7649307559146002,2340311040.0
2026-04-21 14:29:58.532000064,4.078068118838303,0.986300490780164,0.9526775649593922,0.8082168395895354,2339082240.0
2026-04-21 14:30:03.532000064,4.099424395282932,1.0052768988395986,0.953211912551567,0.8146504305602983,2340392960.0
2026-04-21 14:30:08.532000064,3.6015045278436144,0.9058141953307595,0.9556377415735096,0.7711312690483489,2338873344.0
2026-04-21 14:30:13.532000064,3.7499478777173803,1.013142347606498,0.9646754636190666,0.7722272317403056,2339647488.0
2026-04-21 14:30:18.532000064,3.7661951952629837,1.0311974269813962,0.9642806211699455,0.7713394290248694,2338189312.0
2026-04-21 14:30:23.532000064,3.686979492949388,1.013171805419395,0.9667401561400286,0.7720329660420904,2340384768.0
2026-04-21 14:30:28.532000064,3.5735328646105997,1.0101793765060907,0.9593417425088419,0.7611570179597569,2295537664.0
2026-04-21 14:30:33.532000064,3.944777491795328,1.026812477102923,0.9630449724479142,0.8155487804878038,2281693184.0
2026-04-21 14:30:38.532000064,3.9258079198907607,1.0402508471147525,0.9658154174385694,0.7659616667931012,2281693184.0
2026-04-21 14:30:43.532000064,3.7861714594789504,1.0096457225277202,0.9750624338624339,0.7718380960966365,2274398208.0
2026-04-21 14:30:48.532000064,3.732114501982238,1.0457044983322816,0.97565249343832,0.77003515730641,2274770944.0
2026-04-21 14:30:53.532000064,3.7680783611950157,1.1178214001871059,0.9728302709312999,0.7651534273248487,2289639424.0
2026-04-21 14:30:58.532000064,3.7501763963534036,1.081774001271575,0.9774919130704132,0.7612144814654515,2290331648.0
2026-04-21 14:31:03.532000064,3.8179410249603385,1.0618730682443067,0.9608905590876435,0.8047480895765793,2289975296.0
2026-04-21 14:31:08.532000064,3.7757417254100494,1.0283057729763554,0.9564002468642052,0.8020781978838822,2291757056.0
2026-04-21 14:31:13.532000064,3.441773565049207,0.9796410293839428,0.9588555377381387,0.763141285727169,2290819072.0
2026-04-21 14:31:18.532000064,3.5524910323195504,0.9737800699679015,0.9649549898830396,0.758480154364961,2287640576.0
2026-04-21 14:31:23.532000064,3.5524939589569735,0.9918130342265663,0.9672072072072073,0.757217824103295,2286571520.0
2026-04-21 14:31:28.532000064,3.4442961734049846,0.9557471057092366,0.9631304347826086,0.7517942799437383,2287370240.0
2026-04-21 14:31:33.532000064,3.444296173404985,0.8804763786079057,0.9568942984526647,0.7357638097451189,2288570368.0
2026-04-21 14:31:38.532000064,3.5472428248951955,0.9642859090983515,0.951579719441691,0.7966595051632132,2291171328.0
2026-04-21 14:31:43.532000064,3.5282397884516294,0.8689344360769138,0.9599848999555196,0.7957584839804962,2291171328.0
2026-04-21 14:31:48.532000064,3.2822941416966867,0.8836874463363202,0.9745731621881952,0.7605049594229008,2289491968.0
2026-04-21 14:31:53.532000064,3.282178683365954,0.9017051244635372,0.9661880951532744,0.7601442741208312,2289229824.0
2026-04-21 14:31:58.532000064,3.2822938164561033,0.9558235310293582,0.9706697472866361,0.755455365193866,2291277824.0
2026-04-21 14:32:03.532000064,3.3363975874889444,0.9918930369585023,0.9710634455021954,0.7534851845840317,2291347456.0
2026-04-21 14:32:08.532000064,3.343633923823564,0.9961957882161077,0.9622114904212405,0.7886901939961679,2292973568.0
2026-04-21 14:32:13.532000064,3.6247095693895934,1.0522613348797991,0.9580120832735295,0.794379231221434,2295394304.0
2026-04-21 14:32:18.532000064,3.390861478409764,1.0391366605474746,0.9583413154110503,0.7514232182748398,2292858880.0
2026-04-21 14:32:23.532000064,3.553319441458304,1.1710776798238371,0.9666862743778175,0.7496486866284707,2298560512.0
2026-04-21 14:32:28.532000064,3.606091896877959,1.2791640392757408,0.9635742406734906,0.7476803891541303,2299531264.0
2026-04-21 14:32:33.532000064,3.677366456597353,1.2611349855554805,0.9679657747262645,0.7408208121644528,2300411904.0
2026-04-21 14:32:38.532000064,3.766910529739148,1.8346304285084067,0.9396911641879768,0.6817790580314297,2355752960.0
2026-04-21 14:32:43.532000064,3.8080514464115205,1.757756163180785,0.945526640957379,0.6739453922552523,2451259392.0
2026-04-21 14:32:48.532000064,3.7888104400260847,1.8190054250267724,0.9514803234761303,0.6595321526659711,2451259392.0
2026-04-21 14:32:53.532000064,3.4970143017265563,1.6049032861000843,0.9611038154661689,0.5796840054830117,2453319680.0
2026-04-21 14:32:58.532000064,3.4266990163383815,1.4969646757940687,0.9664790862901301,0.5491928938587799,2487627776.0
2026-04-21 14:33:03.532000064,3.4448868160451713,1.4789430967625576,0.9693314058346312,0.5450446388312747,2516234240.0
2026-04-21 14:33:08.532000064,3.3546491312756217,1.3707215677562163,0.9730054259716361,0.5407062727699026,2544517120.0
2026-04-21 14:33:13.532000064,3.2370152690333924,1.2897120866819491,0.9771016041380314,0.5682443849556694,2544037888.0
2026-04-21 14:33:18.532000064,3.4678287361015396,1.2217244087782335,0.9765195073870423,0.5739183262772201,2555056128.0
2026-04-21 14:33:23.532000064,3.1802408096494723,1.045195261987669,0.9859631344370088,0.5032198728840216,2555056128.0
2026-04-21 14:33:28.532000064,3.1759207463413754,0.9744562797055177,0.9982803414322425,0.5212527520479198,2581639168.0
2026-04-21 14:33:33.532000064,3.1037729665564173,0.28872006784921594,1.952941176470588,0.558002063000875,2617348096.0
2026-04-21 14:33:38.532000064,3.248806544583091,0.32488238134505765,1.9214355317700915,0.6427224923107471,2618949632.0
2026-04-21 14:33:43.532000064,3.194794367257434,0.30638009323063714,1.912805632196936,0.671721330506529,2619080704.0
2026-04-21 14:33:48.532000064,3.4142269369581775,0.3397592380891317,1.7056839797153387,0.7458526874585253,2623561728.0
2026-04-21 14:33:53.532000064,3.4697154936666217,0.3981639316103863,1.7083349132918748,0.7712725618079751,2655125504.0
2026-04-21 14:33:58.532000064,3.3077873022439936,0.39660363072596494,1.7327451175277822,0.7295835586803682,2684678144.0
2026-04-21 14:34:03.532000064,3.363787422527859,0.4146310684862361,1.7284830740577606,0.7247029979629004,2640756736.0
2026-04-21 14:34:08.532000064,3.2899518610623244,0.4506859440067784,1.6525239647591172,0.728488759892558,2645471232.0
2026-04-21 14:34:13.532000064,3.255654319283631,0.4326585062465072,1.683661814795535,0.7286690342701606,2650742784.0
2026-04-21 14:34:18.532000064,3.1147370110099377,0.405793379103685,1.502552980267603,0.7669694843249201,2653081600.0
2026-04-21 14:34:23.532000064,3.387853416352076,0.4330729121554905,1.5809626314159098,0.7724288461205314,2657681408.0
2026-04-21 14:34:28.532000064,3.3569139150719747,0.43620915280596284,1.5772727272727263,0.7163181371061523,2657681408.0
2026-04-21 14:34:33.532000064,3.0662397982382874,0.3787673827173854,1.6863633084205938,0.7341005014249135,2663182336.0
2026-04-21 14:34:38.532000064,3.138054179094211,0.3967824550012625,1.7124990981728978,0.7393178579802682,2662080512.0
2026-04-21 14:34:43.532000064,3.192581479693065,0.4689670099745676,1.6681822281106207,0.7328379207099331,2666229760.0
2026-04-21 14:34:48.532000064,3.22810648208966,0.7888303235880089,1.5777712644645647,0.7382356654582195,2669498368.0
2026-04-21 14:34:53.532000064,3.4335275833422054,0.8365386531347814,1.5187499999999985,0.7872223381451904,2671587328.0
2026-04-21 14:34:58.532000064,3.3255608322214467,0.7651887204780422,1.570517004052479,0.7942710803376628,2678657024.0
2026-04-21 14:35:03.532000064,3.2611622612937237,0.6441408202285904,1.7676121704981387,0.7549279518115728,2676629504.0
2026-04-21 14:35:08.532000064,3.3363969370077777,0.6907350750762752,1.642858044570398,0.7520424173564906,2678992896.0
2026-04-21 14:35:13.532000064,3.3544357555500293,3.517108412537801,0.9311098098253363,0.7520288548241668,2700537856.0
2026-04-21 14:35:18.532000064,3.3724348946003415,3.5134813906924705,0.9269018178749298,0.7502389583220642,2703843328.0
2026-04-21 14:35:23.532000064,3.363381945615889,3.6270332817376,0.9250405323366675,0.7380977292120967,2710216704.0
2026-04-21 14:35:28.532000064,3.57795617559141,3.3824825660773543,0.9275924418492936,0.7854854074651408,2715799552.0
2026-04-21 14:35:33.532000064,3.527501952228585,3.426916040366998,0.9250006763825064,0.7292907153692981,2715799552.0
2026-04-21 14:35:38.532000064,3.3713460175690244,3.4253984279224063,0.9291899441340785,0.7456551525203702,2711691264.0
2026-04-21 14:35:43.532000064,3.281612264681877,3.263248370370303,0.9309620638814375,0.747097425542656,2719674368.0
2026-04-21 14:35:48.532000064,3.1910290618013994,3.2090574745799385,0.9302452316076296,0.746930607388178,2733395968.0
2026-04-21 14:35:53.532000064,3.2451143001370166,3.2631427129155552,0.9294037940379405,0.7422297540924508,2761244672.0
2026-04-21 14:35:58.532000064,3.413386734176259,3.451349249995259,0.9281249999999996,0.7733151287594336,2762002432.0
2026-04-21 14:36:03.532000064,3.3672215022805534,3.432320703910191,0.9274655508358968,0.7754010695187141,2768261120.0
2026-04-21 14:36:08.532000064,3.1052574895699117,0.4447505776610818,1.4804493413257243,0.737815762427649,2766307328.0
2026-04-21 14:36:13.532000064,3.1221111463232187,0.4557794819967104,1.8592265875734717,0.7419360654850956,2765328384.0
2026-04-21 14:36:18.532000064,3.123719151825684,0.4756054060481154,1.8674815147873614,0.7504372441896129,2763628544.0
2026-04-21 14:36:23.532000064,3.259348309847435,0.4557794819967104,1.8208297352647316,0.739966102917312,2789494784.0
2026-04-21 14:36:28.532000064,3.197729469010357,0.42192218722525243,1.6432658086177907,0.7264111515703229,2792329216.0
2026-04-21 14:36:33.532000064,3.622693952432345,0.4551575034610935,1.3805813695483824,0.7739610940775009,2795864064.0
2026-04-21 14:36:38.532000064,3.79267298645098,0.43616779185314414,1.3461640965781854,0.7260565335647041,2795864064.0
2026-04-21 14:36:43.532000064,3.6612166729356748,0.3967824550012625,1.3333349865637452,0.7333261191068762,2795036672.0
2026-04-21 14:36:48.532000064,3.8235357923361253,0.4148180211376835,1.3571446606669433,0.73981892291599,2790375424.0
2026-04-21 14:36:53.532000064,3.9677959257440443,0.4328457806554006,1.3142821071724877,0.7441474587887312,2790285312.0
2026-04-21 14:36:58.532000064,4.148180211376836,0.46892471954694664,1.337500000000002,0.7405403455614462,2790748160.0
2026-04-21 14:37:03.532000064,4.5367692584934645,0.5501075358911319,1.1927173411132261,0.7788758844395536,2795757568.0
2026-04-21 14:37:08.532000064,4.60865212006043,0.5403900433091383,1.0506760664812054,0.7758408103647797,2797371392.0
2026-04-21 14:37:13.532000064,4.379812584175883,0.5301369401313621,0.998917695562547,0.7342676262106994,2792960000.0
2026-04-21 14:37:18.532000064,4.401075016684404,0.5411157807398858,1.2877746518998578,0.7431323388827771,2797432832.0
2026-04-21 14:37:23.532000064,4.328932427496667,0.5050407446883225,1.2276093116734619,0.7470870459218657,2798690304.0
2026-04-21 14:37:28.532000064,4.184633909927466,0.46896635930566344,1.415977016804476,0.7492649843978277,2809757696.0
2026-04-21 14:37:33.532000064,4.0585001233963265,0.4686738637246711,1.5147539221355868,0.7325553479756224,2811125760.0
2026-04-21 14:37:38.532000064,4.286472953493665,0.5088143954599007,1.5153419980324214,0.7887397141619744,2818834432.0
2026-04-21 14:37:43.532000064,4.210582433654099,0.45293266951161687,1.5661303506860698,0.7831199620673298,2818834432.0
2026-04-21 14:37:48.532000064,3.9130774769268326,0.4147500484243475,1.6962418471288396,0.7380759174105141,2817388544.0
2026-04-21 14:37:53.532000064,3.7507599878110596,0.3606466033006181,1.70278086279657,0.7423903635314497,2821935104.0
2026-04-21 14:37:58.532000064,3.5703607602656877,0.2704843834393258,1.7830287088921466,0.7409409517631605,2824585216.0
2026-04-21 14:38:03.532000064,3.4441768336985383,0.27048470859780727,1.8739473777952305,0.7158957713461374,2829660160.0
2026-04-21 14:38:08.532000064,3.493526605955388,0.3586539859538664,1.7129179213630068,0.745292143141609,2834771968.0
2026-04-21 14:38:13.532000064,3.741490706899239,0.40004193385445164,1.6685358890147408,0.7378961142402017,2833321984.0
2026-04-21 14:38:18.532000064,3.5532646356033455,0.39150147840577715,1.6632893615108082,0.7023616369208587,2826428416.0
2026-04-21 14:38:23.532000064,3.6416080764377137,0.41463854335676936,1.5863999999999998,0.7077699657472505,2831593472.0
2026-04-21 14:38:28.532000064,3.731752415314439,0.37858301784748505,1.6525091762966695,0.7088516315125281,2836410368.0
2026-04-21 14:38:33.532000064,3.695697539817333,0.3245003796074554,1.666144884357343,0.7119291856712762,2839367680.0
2026-04-21 14:38:38.532000064,3.569554876503,0.3242119844552164,1.6984062932029467,0.6966174058553605,2832687104.0
2026-04-21 14:38:43.532000064,3.8112212973321453,0.39490333221460494,1.5560392385378925,0.7599847587377483,2834907136.0
2026-04-21 14:38:48.532000064,3.792331904888316,0.36027081188896104,1.5977618221598604,0.7512751957828492,2834907136.0
2026-04-21 14:38:53.532000064,3.678163520544227,0.3425707228242251,1.5723133333333328,0.7123396423867352,2834751488.0
2026-04-21 14:38:58.532000064,3.732211373451502,0.30651129691373097,1.4944468484206213,0.7402199387056055,2841382912.0
2026-04-21 14:39:03.532000064,3.786239723063609,0.25241598153757394,1.2857142857142816,0.7457223734742061,2835554304.0
2026-04-21 14:39:08.532000064,3.786232571640454,0.23438626857060435,1.4222244258140757,0.75634645896437,2842714112.0
2026-04-21 14:39:13.532000064,3.69448522206417,0.27033191085822666,1.4574292759869367,0.7935514461830236,2837516288.0
2026-04-21 14:39:18.532000064,3.932431082595101,0.30107105578373616,1.3755189114080832,0.7948790896159333,2843840512.0
2026-04-21 14:39:23.532000064,3.6979693702770495,0.32330116588516755,1.1619020631368513,0.7266905443998235,2843840512.0
2026-04-21 14:39:28.532000064,3.715095038306917,0.3246151457222836,1.2714321782165445,0.7462834489593674,2846687232.0
2026-04-21 14:39:33.532000064,3.8773669972948603,0.36068367592967765,1.1000046587678005,0.7446829597034734,2849275904.0
2026-04-21 14:39:38.532000064,3.715125610921748,0.2885521445461521,1.3687532687105475,0.7492418386156856,2851037184.0
2026-04-21 14:39:43.532000064,3.8232268006657244,0.35803163179315234,1.066777417784321,0.7305105323710294,2853982208.0
2026-04-21 14:39:48.532000064,4.039788295473596,0.44533512564786076,1.0377405184681063,0.7973447131341862,2848100352.0
2026-04-21 14:39:53.532000064,4.0777619724988154,0.5500215496282552,0.9996625265203959,0.7964870350348074,2560536576.0
2026-04-21 14:39:58.532000064,3.8742348567501006,0.5770776203498386,1.2635309680671267,0.7643484375845238,2555432960.0
2026-04-21 14:40:03.532000064,3.9527744569600087,0.6311784643230046,1.1200698355707166,0.7635432446079519,2555002880.0
2026-04-21 14:40:08.532000064,4.006875300933174,0.6311765130202699,0.9982228598673472,0.7657072783668766,2551054336.0
2026-04-21 14:40:13.532000064,4.127784762026547,0.6672437423357138,1.2194253944343139,0.7628219000216395,2554732544.0
2026-04-21 14:40:18.532000064,4.1652250525119365,0.7110173156068048,1.0081617646160657,0.8030041534697578,2554863616.0
2026-04-21 14:40:23.532000064,4.490627453363199,0.8050676526319529,1.142027274651477,0.7997990541687612,2555658240.0
2026-04-21 14:40:28.532000064,4.418951326240216,0.8168784563353231,1.158010595199429,0.7452239222789117,2555658240.0
2026-04-21 14:40:33.532000064,4.32711681098476,0.8400969393767751,1.128794258955737,0.7501036801961795,2563670016.0
2026-04-21 14:40:38.532000064,4.255391651433069,2.4803273260336365,0.9618965741355121,0.7064678411078467,2599567360.0
2026-04-21 14:40:43.532000064,4.093090425072054,2.42739430030481,0.9711648794379508,0.6453416037072426,2600071168.0
2026-04-21 14:40:48.532000064,4.093109930360084,2.380560903666486,0.9755363801944066,0.6150489550839341,2578317312.0
2026-04-21 14:40:53.532000064,4.11514829704923,2.332486203724212,0.976005910673095,0.6329065908013256,2585858048.0
2026-04-21 14:40:58.532000064,3.984905907521741,2.313509800016968,0.974005074836852,0.6314831320046262,2585632768.0
2026-04-21 14:41:03.532000064,3.612393010784854,2.1813167178542425,0.9782221273215977,0.5991813772336324,2586968064.0
2026-04-21 14:41:08.532000064,3.513224441721893,2.121835073972119,0.9788840780918361,0.6006238843109315,2586906624.0
2026-04-21 14:41:13.532000064,3.55825023176845,2.0821711083849,0.9789372222567635,0.601345137849581,2587615232.0
2026-04-21 14:41:18.532000064,3.560037871210526,1.9650799939283776,0.9764322240420746,0.610721433852037,2585464832.0
2026-04-21 14:41:23.532000064,3.438016172869496,1.9787321835788,0.9731998500739935,0.6163782631026685,2586787840.0
2026-04-21 14:41:28.532000064,3.7175760858960034,1.9053757662574256,0.9769735794243538,0.6655464514005551,2586185728.0
2026-04-21 14:41:33.532000064,3.7361553633742983,0.3926649096462599,1.4769351324222306,0.6490480996453383,2586185728.0
2026-04-21 14:41:38.532000064,3.624564356957607,0.39671968559771514,1.3099917949036963,0.7288924153352301,2585337856.0
2026-04-21 14:41:43.532000064,3.516428030439644,0.4147555764938037,1.175009016319538,0.7544992245825396,2590457856.0
2026-04-21 14:41:48.532000064,3.5344609946983088,0.41476077949860457,0.995987211323621,0.7649583438525598,2589360128.0
2026-04-21 14:41:53.532000064,3.480326657091294,0.34262827207661695,1.0999899528723007,0.7597424846266226,2588995584.0
2026-04-21 14:41:58.532000064,3.64146648842638,0.3603535257747601,0.9867088727630475,0.7986420619417022,2590400512.0
2026-04-21 14:42:03.532000064,3.5859052308174317,0.3389933493829742,0.9903961073146189,0.7961614322561072,2593021952.0
2026-04-21 14:42:08.532000064,3.1158711521810556,0.3012551531371839,1.0333330765476496,0.7525291688456894,2597314560.0
2026-04-21 14:42:13.532000064,3.119814685375119,0.34263640205896695,1.1166779374725724,0.7516410589338498,2595504128.0
2026-04-21 14:42:18.532000064,3.0295926279912715,0.34263477603200193,0.9999995295602147,0.7560100272322328,2599837696.0
2026-04-21 14:42:23.532000064,2.9394268311404126,0.324601811785066,0.9955877879661265,0.7577588227868641,2600947712.0
2026-04-21 14:42:28.532000064,2.777176006878401,0.3699958969849884,1.11661559326671,0.7406488430755291,2601738240.0
2026-04-21 14:42:33.532000064,2.9018492176386914,0.3612523951256658,0.9888725718576439,0.7946159442885414,2603675648.0
2026-04-21 14:42:38.532000064,2.8258961094439696,0.2743372954924871,0.9917848147387913,0.7502692757526347,2603675648.0
2026-04-21 14:42:43.532000064,2.7769262671980095,0.3065460848260336,0.9977607503549246,0.7559009683177971,2603769856.0
2026-04-21 14:42:48.532000064,2.8852222522766207,0.34261786626638996,1.0375162290825188,0.7571768609347912,2600853504.0
2026-04-21 14:42:53.532000064,2.9933641084824005,0.37867859203693016,0.9990506329113924,0.7573571840738603,2551603200.0
2026-04-21 14:42:58.532000064,3.083470075914673,0.4147402935057265,0.9917675767763476,0.7597150843025897,2539532288.0
2026-04-21 14:43:03.532000064,3.2797333839091465,0.4930808215279314,0.9854820436683114,0.8018053896190135,2542592000.0
2026-04-21 14:43:08.532000064,3.273860777382363,0.4635097064506744,0.9873762357836455,0.8000834407949642,2544046080.0
2026-04-21 14:43:13.532000064,3.0528378848220497,0.46224838414432634,0.983702726326936,0.7546251217137275,2536005632.0
2026-04-21 14:43:18.532000064,3.1194774778870773,0.486854917234664,0.989705887656276,0.756414648659375,2537619456.0
2026-04-21 14:43:23.532000064,3.227610235729588,0.5409427550678665,0.9879513379864939,0.7609224832759304,2535002112.0
2026-04-21 14:43:28.532000064,3.299793788764886,0.5770109592958768,0.9933739797040066,0.7551660716217615,2541461504.0
2026-04-21 14:43:33.532000064,3.353890080132307,0.5938108587318385,0.9926620398317016,0.7406360915659921,2541133824.0
2026-04-21 14:43:38.532000064,3.470707607108312,0.6473635468861522,0.9871899501446729,0.7949486375526162,2540781568.0
2026-04-21 14:43:43.532000064,3.4326799813284916,0.6714946550601504,0.9834055941006974,0.7940752541344237,2540781568.0
2026-04-21 14:43:48.532000064,3.2819409623285285,0.7573708412226129,0.9991071321232354,0.7505319724456287,2539143168.0
2026-04-21 14:43:53.532000064,3.227901252688335,0.7573844988639233,1.1428568852387184,0.7501577855919198,2542329856.0
2026-04-21 14:43:58.532000064,3.119647210637968,0.6491792341274072,1.0333216119065638,0.7467585162209411,2521661440.0
2026-04-21 14:44:03.532000064,3.0835819324845106,0.6672121983860719,1.099988879672043,0.7478135425119429,2516152320.0
2026-04-21 14:44:08.532000064,3.01153072200807,0.6409873794768435,1.0779899228377638,0.7914501384516182,2517594112.0
2026-04-21 14:44:13.532000064,3.152802609887175,0.6070528046315966,1.131132194414542,0.7937260554565093,2515271680.0
2026-04-21 14:44:18.532000064,2.936555568261145,0.50055612404952,1.2802642291944624,0.755067445718818,2515234816.0
2026-04-21 14:44:23.532000064,2.975493084839678,0.577069164939244,1.4249912837529102,0.7505455070059392,2512031744.0
2026-04-21 14:44:28.532000064,2.9935569435989486,0.631165130831515,1.3916666666666722,0.7431518583304788,2515206144.0
2026-04-21 14:44:33.532000064,2.9574594701819565,0.595102779596966,1.4714196834327755,0.7485483463771815,2517426176.0
2026-04-21 14:44:38.532000064,2.921412078395485,0.4842131319647782,1.3467425468924545,0.7339325639615397,2515947520.0
2026-04-21 14:44:43.532000064,3.015533198664347,0.4750396124142351,1.0210487049697583,0.8008384291579334,2517811200.0
2026-04-21 14:44:48.532000064,3.015569888205838,0.49310599882413186,1.1642857142857161,0.795432993210182,2517811200.0
2026-04-21 14:44:53.532000064,3.0115593385389428,0.5409986835698699,1.2428571428571387,0.7557615320806409,2516414464.0
2026-04-21 14:44:58.532000064,3.101781721128183,0.577071441376995,1.0583470085778315,0.7505725775910245,2516410368.0
2026-04-21 14:45:03.532000064,3.173916179759071,0.541000634942974,0.9922144268967504,0.7505455070059309,2427785216.0
2026-04-21 14:45:08.532000064,3.336120826215822,0.5770613601505581,0.996429265558749,0.7455096299502298,2412998656.0
2026-04-21 14:45:13.532000064,3.2189821900681688,0.5678814689779869,0.9860836531398123,0.783294769184087,2406842368.0
2026-04-21 14:45:18.532000064,3.429996581732383,0.6325909603524538,0.9840905699416909,0.7961765319475793,2406776832.0
2026-04-21 14:45:23.532000064,3.228982716326885,0.5572283947185191,0.9883280562497065,0.7355710761204378,2406776832.0
2026-04-21 14:45:28.532000064,3.2795747364627443,0.6126678079106226,0.9865131578947368,0.7543470511347912,2402091008.0
2026-04-21 14:45:33.532000064,3.2795744117611187,0.6667329016912573,0.9799994008402422,0.7537529211391442,2402885632.0
2026-04-21 14:45:38.532000064,3.297653475697528,0.7027725092228571,0.9788241163321774,0.7537529211391442,2403516416.0
2026-04-21 14:45:43.532000064,10.181246114865917,2.3517701822491954,3.640204401756872,0.736959005563931,2404110336.0
2026-04-21 14:45:48.532000064,10.57459066100667,2.463790147310557,3.6575618905642866,0.8042905603881224,2405310464.0
2026-04-21 14:45:53.532000064,10.422786464607618,2.444632188444266,3.6720324868834253,0.8093767173908931,2407895040.0
2026-04-21 14:45:58.532000064,9.789594589930955,2.361466633017269,3.709700587030105,0.7713523452428158,2405765120.0
2026-04-21 14:46:03.532000064,9.554197537540785,2.361509202675175,3.7750000000000004,0.7726141976421327,2404540416.0
2026-04-21 14:46:08.532000064,9.481919457763997,2.343440170169809,3.787500000000001,0.7702707574719692,2400612352.0
2026-04-21 14:46:13.532000064,9.409813606374158,2.235273919292431,3.8166780999229863,0.7686622320768639,2399674368.0
2026-04-21 14:46:18.532000064,9.153072051987477,2.1457355264880134,3.814733266797753,0.8084621952376373,2398482432.0
2026-04-21 14:46:23.532000064,9.288623169569362,2.0967372125797,3.807335717056896,0.8120613465037636,2406268928.0
2026-04-21 14:46:28.532000064,9.866236599943079,2.18726816385631,3.945758801997905,0.7498697077499038,2406268928.0
2026-04-21 14:46:33.532000064,9.275466931336283,2.035282558535696,3.9840050905783198,0.7658437996246581,2398793728.0
2026-04-21 14:46:38.532000064,2.2737525940629797,0.3372079184353552,0.9054347826086957,0.7620817843866174,2399014912.0
2026-04-21 14:46:43.532000064,2.201569972029234,0.3371945414154237,0.9032608695652173,0.7669265194167748,2400043008.0
2026-04-21 14:46:48.532000064,2.201569972029234,0.2892038189859356,0.8989999999999998,0.76334500306782,2399805440.0
2026-04-21 14:46:53.532000064,2.390528951961752,0.3225255648940409,0.8991379310344825,0.8002428427782701,2409123840.0
2026-04-21 14:46:58.532000064,2.409409979131095,0.2845759817871372,0.8711538461538456,0.7939669891861196,2350809088.0
2026-04-21 14:47:03.532000064,2.206739987734538,0.2289740202553941,0.9026785714285716,0.7122080211546953,2332696576.0
2026-04-21 14:47:08.532000064,2.165297245045916,0.28207252789873594,0.8971153846153845,0.6875396657499472,2335019008.0
2026-04-21 14:47:13.532000064,2.1459642339294343,0.31732040546496254,0.8854166666666666,0.6610958324518723,2313154560.0
2026-04-21 14:47:18.532000064,2.0879652005799905,0.29969149405024237,0.9035714285714287,0.6332304980167487,2314203136.0
2026-04-21 14:47:23.532000064,2.0549128006921538,0.2962194986484985,0.921851369347636,0.6553735073590687,2311647232.0
2026-04-21 14:47:28.532000064,2.2586318615199485,0.27111751249682287,0.9122989755931992,0.6705188599315444,2318020608.0
2026-04-21 14:47:33.532000064,2.2771452374340466,0.2591824644549763,0.899074399772354,0.6555586411182137,2318020608.0
2026-04-21 14:47:38.532000064,2.16755366016988,0.2114686497726712,0.9241379310344825,0.6224227258308985,2317996032.0
2026-04-21 14:47:43.532000064,2.2027596172484887,0.28195819969689495,0.9405169527418431,0.6252202720800737,2317619200.0
2026-04-21 14:47:48.532000064,2.1498933864345253,0.264335812215839,0.9392853928624254,0.6187002185099058,2317041664.0
2026-04-21 14:47:53.532000064,2.13227068843229,0.24670907713183074,0.9441663695439306,0.6215306536028332,2327916544.0
2026-04-21 14:47:58.532000064,2.154750067954966,0.30370904673322957,0.9230803911313307,0.6954031707502013,2327334912.0
2026-04-21 14:48:03.532000064,2.338429891623269,0.2844626500540479,0.939654314332236,0.7014715922020742,2324647936.0
2026-04-21 14:48:08.532000064,2.167026481150853,0.2476962522221369,0.9505886297114027,0.6605002545074196,2324647936.0
2026-04-21 14:48:13.532000064,2.071199702596966,0.2718974558166634,0.9820947221557108,0.6941153622062582,2324385792.0
2026-04-21 14:48:18.532000064,1.9649837064827425,0.2718974558166634,0.9678639087506492,0.6960574868906524,2326511616.0
2026-04-21 14:48:23.532000064,1.894140555850593,0.349582443192853,0.9704048528510645,0.6890524557689697,2331308032.0
2026-04-21 14:48:28.532000064,1.8587360594795541,0.4004971731714487,0.955922885598692,0.6669258465467371,2321412096.0
2026-04-21 14:48:33.532000064,1.9345597946390374,0.409233802712104,0.9485714285714282,0.7384947356672461,2321715200.0
2026-04-21 14:48:38.532000064,1.9346317688859127,0.4278432977417314,0.9401520703141293,0.7401826738843307,2322722816.0
2026-04-21 14:48:43.532000064,1.783065039279404,0.38246236222662633,0.9433301841190016,0.6635923806572137,2322722816.0
2026-04-21 14:48:48.532000064,1.789760286361646,0.4172461752433936,0.9582944352021092,0.6837395277989309,2318483456.0
2026-04-21 14:48:53.532000064,1.8278395674248193,0.3650840562577146,0.9632977201390436,0.6854401096704176,2317905920.0
2026-04-21 14:48:58.532000064,1.7516810053398875,0.3303084037411773,0.9448642532090424,0.7065610601271872,2319417344.0
2026-04-21 14:49:03.532000064,1.6895182238263202,0.29760797589375393,0.913011832459913,0.7167457794730487,2322776064.0
2026-04-21 14:49:08.532000064,1.822781043077152,0.2892976873202525,0.9074768251576849,0.7726647074141579,2326814720.0
2026-04-21 14:49:13.532000064,1.8785808087224263,0.31619671155419987,0.9039065260960136,0.7810349317361749,2323881984.0
2026-04-21 14:49:18.532000064,1.8406428091041025,0.2654773282361686,0.9146551724137929,0.7470532016565712,2322833408.0
2026-04-21 14:49:23.532000064,1.8251718379868749,0.19591777809419844,0.9228012064096482,0.6863893293522623,2322833408.0
2026-04-21 14:49:28.532000064,1.5713458560922113,0.1794990000430089,0.9302183267197726,0.6141802408357164,2322833408.0
2026-04-21 14:49:33.532000064,1.3472345372623666,0.09063702222329309,0.9226190476190477,0.5420608731095707,2322833408.0
2026-04-21 14:49:38.532000064,1.1861111111111111,0.10157164747446981,0.9302631578947368,0.5255745435417053,2322833408.0
2026-04-21 14:49:43.532000064,1.1494599967419084,0.06299567411679885,0.9016666666666668,0.46079649426457275,2322833408.0
2026-04-21 14:49:48.532000064,0.943877072819034,0.06600636571529092,0.8777777777777778,0.39086011572154733,2322833408.0
2026-04-21 14:49:53.532000064,0.7754694371152155,0.07083967529173008,0.9035714285714287,0.31830192712226885,2322833408.0
2026-04-21 14:49:58.532000064,0.6478648740064264,0.07990973312401883,0.9299999999999997,0.24735613619707708,2322833408.0
2026-04-21 14:50:03.532000064,0.525748030980977,0.06911099625274583,2.899999999999997,0.1744108843537354,2322833408.0
2026-04-21 15:15:33.532000064,145.79430574065287,35.61434351462907,1.6361260730321368,0.05434573333332781,2339622912.0
2026-04-21 15:15:38.532000064,129.99070763898777,31.711667625416858,1.6376981208791448,0.08429226666666624,2334265344.0
2026-04-21 15:15:43.532000064,122.34433987131916,31.032844702515465,1.575723419295725,0.13895546666666103,2332049408.0
2026-04-21 15:15:48.532000064,117.8239619527753,29.85504763349668,1.576547081780858,0.20314998800287623,2329911296.0
2026-04-21 15:15:53.532000064,115.25114394869571,29.097740111251657,1.5752750530672255,0.26799806705325235,2336100352.0
2026-04-21 15:15:58.532000064,113.55096552567228,28.628795893980094,1.5738942711021333,0.3313732781863245,2343211008.0
2026-04-21 15:16:03.532000064,112.31042884421817,28.276384241074947,1.5728375623332431,0.4031994685172217,2345115648.0
2026-04-21 15:16:08.532000064,111.526144552157,27.98465578182201,1.5713595528169817,0.4627539074168668,2358251520.0
2026-04-21 15:16:13.532000064,111.11242352296814,27.803906389105826,1.569521345750931,0.5200203093233555,2450485248.0
2026-04-21 15:16:18.532000064,110.47570871242456,27.63137385424095,1.5650079226081126,0.5618488281178907,2474991616.0
2026-04-21 15:16:23.532000064,110.8569923609941,32.13271036600313,1.3254643015996326,0.624602236566959,2477936640.0
2026-04-21 15:16:28.532000064,6.163972580322563,6.50944596978017,0.9278380102040816,0.6660242190625134,2480189440.0
2026-04-21 15:16:33.532000064,6.127495545292557,6.527510091276046,0.9276888604353393,0.7123895414378675,2495139840.0
2026-04-21 15:16:38.532000064,6.182042983381214,5.600203643768864,0.9313049853372433,0.7354812902287405,2499932160.0
2026-04-21 15:16:43.532000064,6.237270875763748,5.528076811172535,0.9320175438596491,0.7535641547861517,2501500928.0
2026-04-21 15:16:48.532000064,5.931580930185461,5.428169129983919,0.9336658409186265,0.7579624703429447,2508193792.0
2026-04-21 15:16:53.532000064,5.805697852071538,5.302417542913634,0.9341111111111109,0.764073621396214,2506420224.0
2026-04-21 15:16:58.532000064,5.805802207283316,5.266480903404942,0.9342186193994952,0.7610180458695752,2506199040.0
2026-04-21 15:17:03.532000064,5.769998037748321,5.4102077569853675,0.9342232304679801,0.7727289067836257,2537013248.0
2026-04-21 15:17:08.532000064,5.715928461937061,5.427833167719588,0.9343632537390476,0.7790060213894158,2540228608.0
2026-04-21 15:17:13.532000064,5.840741329175482,5.445331032995471,0.9347904624277457,0.796118249618118,2540519424.0
2026-04-21 15:17:18.532000064,5.468816045670839,0.9211404472061151,1.088325947233661,0.7694284539473658,2545692672.0
2026-04-21 15:17:23.532000064,5.658822819189675,0.9925805627657811,1.26398385590465,0.7651583942981454,2542055424.0
2026-04-21 15:17:28.532000064,5.808833174058876,0.9958092370077076,1.081061555830616,0.7625884489523226,2540294144.0
2026-04-21 15:17:33.532000064,5.958738546292652,1.052026687031925,1.174686125416574,0.7680709990234195,2543222784.0
2026-04-21 15:17:38.532000064,6.071167575467985,1.1457146092414852,1.1114777907202948,0.7636295103313602,2543841280.0
2026-04-21 15:17:43.532000064,6.297062003300267,1.304692673345222,0.9924087019327857,0.7650330024426979,2544975872.0
2026-04-21 15:17:48.532000064,6.334996111753884,1.3871258274377407,0.9875081726393473,0.7638032737135592,2544975872.0
2026-04-21 15:17:53.532000064,6.115212042263714,1.4473874656245478,0.9946220930232558,0.7077852761846241,2594197504.0
2026-04-21 15:17:58.532000064,5.952488646849162,1.3207649581154675,1.1800000000000028,0.6985453755970414,2601271296.0
2026-04-21 15:18:03.532000064,5.988565966360376,1.3026716344371345,1.2726873014862021,0.7085089830109798,2605772800.0
2026-04-21 15:18:08.532000064,5.952446092803973,1.2302973494153686,1.3227346741404475,0.6980152340286938,2607267840.0
2026-04-21 15:18:13.532000064,6.222881936515186,1.3321201072841573,1.1541599266688198,0.7391337443860879,2606772224.0
2026-04-21 15:18:18.532000064,6.25564745951206,1.269317128300095,1.0508233741848758,0.74217857958438,2613481472.0
2026-04-21 15:18:23.532000064,5.78368551927127,1.2292468207315075,1.0694442993302373,0.7051943584451292,2612117504.0
2026-04-21 15:18:28.532000064,5.667004634994207,1.2311654190184176,1.0166753168898592,0.6975902087520097,2609111040.0
2026-04-21 15:18:33.532000064,5.739426419466976,1.3216975666280417,0.9996874999999998,0.6987563585018357,2610839552.0
2026-04-21 15:18:38.532000064,5.721320973348783,1.194954854583277,1.1818254238655088,0.7068366164542288,2611351552.0
2026-04-21 15:18:43.532000064,5.757531865585168,1.1376180481272689,1.213670610019722,0.7114036595550781,2662125568.0
2026-04-21 15:18:48.532000064,6.073835057416722,1.174402513727881,0.9973245330510713,0.7565356077941868,2690506752.0
2026-04-21 15:18:53.532000064,6.3396856730696225,1.1457236226052185,0.9892411885138229,0.7601928479234717,2690506752.0
2026-04-21 15:18:58.532000064,5.846370378390082,1.1007016270894616,0.9939192021673171,0.7143759360508155,2690367488.0
2026-04-21 15:19:03.532000064,5.810176831468784,1.1728656898635192,0.9960162327406671,0.721774120788899,2689642496.0
2026-04-21 15:19:08.532000064,5.90050343744925,1.1367978218925794,1.0374921054530999,0.7165541881699095,2695553024.0
2026-04-21 15:19:13.532000064,6.008769555567584,1.1548385932622385,1.0374999999999943,0.7205110160775238,2696228864.0
2026-04-21 15:19:18.532000064,6.068740625533615,1.173180443118997,0.9972924088381047,0.7534038760571931,2698407936.0
2026-04-21 15:19:23.532000064,6.443190009002133,1.2428973000302905,0.9977325622604276,0.757386126597642,2698706944.0
2026-04-21 15:19:28.532000064,5.967633417494628,1.0703525350929262,0.9991780884913469,0.6859675655289412,2698706944.0
2026-04-21 15:19:33.532000064,6.022467047728954,1.1179455859880059,1.184993418442782,0.7069105610495665,2699915264.0
2026-04-21 15:19:38.532000064,5.932310355397682,1.0458202321229884,1.3045397171979456,0.7112705364751646,2697519104.0
2026-04-21 15:19:43.532000064,5.788164016012116,1.0097705605916598,1.3545507819863642,0.7235577399472792,2697424896.0
2026-04-21 15:19:48.532000064,5.625777601471357,1.0252021566778589,1.330553401721102,0.6878431610738235,2708643840.0
2026-04-21 15:19:53.532000064,6.050375540550792,1.119936617106812,0.9996287464912015,0.745784572198095,2715254784.0
2026-04-21 15:19:58.532000064,6.240160840619843,1.194924416288906,0.9942196531791907,0.7434944237918267,2718068736.0
2026-04-21 15:20:03.532000064,6.023661809262731,1.1903008515998088,0.994161881459328,0.7111038972749705,2718892032.0
2026-04-21 15:20:08.532000064,5.717171352823417,1.1181813554552715,1.2450054104746764,0.7040958031994511,2719076352.0
2026-04-21 15:20:13.532000064,5.6991152965421,1.1181647669888903,1.3916666666666653,0.7145433559370921,2718355456.0
2026-04-21 15:20:18.532000064,5.663004155336667,1.0099516956338588,1.4041707244494959,0.7100474326834615,2717085696.0
2026-04-21 15:20:23.532000064,5.558789988521914,0.9699249052326843,1.1475534998776205,0.7446324254608948,2714537984.0
2026-04-21 15:20:28.532000064,5.994102731830763,0.9832940451652257,1.054871973358846,0.7485621232069855,2715095040.0
2026-04-21 15:20:33.532000064,5.71196945735373,1.006337480310716,0.9996375148534544,0.6823743007611929,2715095040.0
2026-04-21 15:20:38.532000064,5.844366354524993,0.9560206669630259,1.345838293740268,0.7108714082144395,2715234304.0
2026-04-21 15:20:43.532000064,5.8624048486597635,0.9199387985710782,1.3708510695862344,0.7341402261945529,2715070464.0
2026-04-21 15:20:48.532000064,5.790148055307072,0.8117029527949639,1.4615383921608878,0.7420634920634898,2713341952.0
2026-04-21 15:20:53.532000064,5.808290016994779,0.8269459940690128,1.5117788733733106,0.7465998051877749,2713694208.0
2026-04-21 15:20:58.532000064,6.3170329208583755,0.7679103550264823,1.3116278949210802,0.7648821944834421,2717642752.0
2026-04-21 15:21:03.532000064,6.753296745543105,0.7967414900470229,1.0772604825789036,0.7646779853931508,2717585408.0
2026-04-21 15:21:08.532000064,6.726431320859512,0.6851401453428074,1.3796480690909774,0.7184970160287021,2717466624.0
2026-04-21 15:21:13.532000064,7.085804951048446,0.7572615978219713,1.37,0.7271383239578895,2716114944.0
2026-04-21 15:21:18.532000064,7.410345635829291,0.793320373603089,1.5230801129492193,0.7193985179308662,2722832384.0
2026-04-21 15:21:23.532000064,7.680592385926577,0.8834419575998882,1.5799972955430541,0.7141698068982948,2712068096.0
2026-04-21 15:21:28.532000064,7.750672410951525,0.9077111926617375,1.2518814470109052,0.7397296631215755,2713579520.0
2026-04-21 15:21:33.532000064,8.364481402828378,0.9465758760167423,1.2887927275484872,0.7373415529542137,2712031232.0
2026-04-21 15:21:38.532000064,8.608064620757546,0.9689748654829355,1.3297904783909544,0.6780683418958979,2712031232.0
2026-04-21 15:21:43.532000064,8.510672751098959,1.0221631838260061,1.5493122559285921,0.6887226178671201,2711486464.0
2026-04-21 15:21:48.532000064,8.672415955417371,1.1104903839503606,1.495497463638885,0.6822197382180101,2718916608.0
2026-04-21 15:21:53.532000064,8.600013158880637,1.1465855663554059,1.5607817848852763,0.6982656041538965,2720239616.0
2026-04-21 15:21:58.532000064,8.708194031748619,1.197286345148754,1.4760122754924683,0.6930496709636718,2719137792.0
2026-04-21 15:22:03.532000064,9.276120741914923,1.3278729751775793,1.2321397406513506,0.732035814553459,2724687872.0
2026-04-21 15:22:08.532000064,9.312240271843951,1.346814120682133,1.2636220986306772,0.7236892025191524,2731315200.0
2026-04-21 15:22:13.532000064,8.49051801447576,1.2191267894376794,1.163247336438482,0.6940484354134342,2725064704.0
2026-04-21 15:22:18.532000064,8.744337333869243,1.156034344136576,1.094242744930124,0.6978380914570339,2725015552.0
2026-04-21 15:22:23.532000064,8.704663588811261,1.1560317388300725,1.3642625043986456,0.7068865949613815,2723434496.0
2026-04-21 15:22:28.532000064,8.782046404650593,1.2714482471225401,1.2130129814392183,0.7117463411112925,2718507008.0
2026-04-21 15:22:33.532000064,8.534861880928322,1.2520880331526163,0.9943417552171263,0.7142521595567015,2719383552.0
2026-04-21 15:22:38.532000064,9.241514240034341,1.3482156162696202,0.9915418740466062,0.7562049362174172,2727075840.0
2026-04-21 15:22:43.532000064,9.260664946105969,1.2208966524973435,0.9981846594155477,0.707218349273818,2727075840.0
2026-04-21 15:22:48.532000064,8.928983344076986,1.4610233534349129,0.9898284051314902,0.6951910242072218,2728452096.0
2026-04-21 15:22:53.532000064,8.910855369962839,1.515206176268985,0.9906565656565657,0.6850896496987628,2726961152.0
2026-04-21 15:22:58.532000064,8.748359252798686,1.4430336536590944,0.9889026199322284,0.6706591146866739,2733912064.0
2026-04-21 15:23:03.532000064,8.604274507077477,1.4430593580737876,0.985180124393728,0.6697572062484235,2738212864.0
2026-04-21 15:23:08.532000064,9.056143338831902,1.611649380937032,0.9863878794029209,0.7052801213385207,2734641152.0
2026-04-21 15:23:13.532000064,9.126961409935491,1.5503168714808548,0.9887900679125048,0.705157375805841,2730782720.0
2026-04-21 15:23:18.532000064,8.427078569487369,1.4614363866295923,0.9840064680707081,0.6684087222922992,2734690304.0
2026-04-21 15:23:23.532000064,8.614007205775547,1.4236585081625164,0.998924366444947,0.6714602367951517,2733797376.0
2026-04-21 15:23:28.532000064,8.59614150070928,1.3876374121463324,1.1541671171901695,0.6610080914022145,2732609536.0
2026-04-21 15:23:33.532000064,8.650132549715686,1.3695953624043737,1.1833223703970712,0.6698383521652173,2732126208.0
2026-04-21 15:23:38.532000064,8.63203041934728,1.2794867636193255,1.7636363636363592,0.6767552220579254,2729312256.0
2026-04-21 15:23:43.532000064,8.90995260663507,1.2322274881516586,1.3318181818181796,0.7259000155846868,2732871680.0
2026-04-21 15:23:48.532000064,8.83421127275475,1.1563981042654028,1.4041665086857869,0.6960262164296985,2732871680.0
2026-04-21 15:23:53.532000064,8.423976441038135,1.1364251312300448,1.6923077616852635,0.7220678956672354,2732150784.0
2026-04-21 15:23:58.532000064,8.423897373474924,1.0462326604975016,1.7366664261360558,0.7280204913597194,2733735936.0
2026-04-21 15:24:03.532000064,8.3697216978707,1.010119230144844,1.7115383921608898,0.7288077498962727,2740117504.0
2026-04-21 15:24:08.532000064,8.405786969921248,1.046213788376204,1.743333273205018,0.7328775771568689,2737684480.0
2026-04-21 15:24:13.532000064,8.977376252657152,1.10081992104464,1.5352941176470576,0.768281804551235,2737528832.0
2026-04-21 15:24:18.532000064,9.135348772708362,1.126750797392872,1.4676470588235286,0.7707637412693616,2736095232.0
2026-04-21 15:24:23.532000064,8.482447616155481,1.0603059520194351,1.4321428571428567,0.7430932746269165,2735128576.0
2026-04-21 15:24:28.532000064,8.661359454445304,1.0105020029593272,1.616666666666665,0.7385820235667726,2738667520.0
2026-04-21 15:24:33.532000064,8.769872060919935,0.9022502120287998,1.6233333333333329,0.7506721764079598,2742091776.0
2026-04-21 15:24:38.532000064,8.751827056679359,0.8661602035476479,1.6499999999999984,0.7519353267048031,2732044288.0
2026-04-21 15:24:43.532000064,8.751738163428833,0.9022502120287998,1.6266666666666647,0.7262826316454873,2734333952.0
2026-04-21 15:24:48.532000064,9.482447988772783,0.9292799028997326,1.4233333333333325,0.7869528313326031,2735644672.0
2026-04-21 15:24:53.532000064,9.994500180166511,1.0620341747425517,1.3115384615384624,0.7817330121944244,2735644672.0
